timestamp,spot_price,signal,confidence,valid_signal,suggested_option,status
2026-03-11 15:30:00,22426.57,HOLD,0.8005,False,,ok
2026-03-11 15:30:00,22426.57,HOLD,0.8005,False,,ok
2026-03-11 15:30:00,22426.57,HOLD,0.8005,False,,ok
2026-03-11 15:30:00,22426.57,HOLD,0.8005,False,,ok
2026-03-11 15:30:00,22426.57,HOLD,0.8005,False,,ok
2026-03-11 15:30:00,22426.57,HOLD,0.8005,False,,ok
2026-03-11 15:30:00,22426.57,HOLD,0.8005,False,,ok
2026-03-11 15:30:00,22426.57,HOLD,0.8005,False,,ok
2026-03-11 15:30:00,22426.57,HOLD,0.8005,False,,ok
